Movie,IMDB Rating,Rating
Pirates of the Caribbean: At World's End (2007),8,Good
Pirates of the Caribbean: At World's End (2007),9,Good
Pirates of the Caribbean: At World's End (2007),7,Average
Pirates of the Caribbean: At World's End (2007),8,Good
Pirates of the Caribbean: At World's End (2007),10,Good
Pirates of the Caribbean: At World's End (2007),4,Poor
Pirates of the Caribbean: At World's End (2007),1,Poor
Pirates of the Caribbean: At World's End (2007),7,Average
Pirates of the Caribbean: At World's End (2007),9,Good
Pirates of the Caribbean: At World's End (2007),9,Good
Pirates of the Caribbean: At World's End (2007),8,Good
Pirates of the Caribbean: At World's End (2007),10,Good
Pirates of the Caribbean: At World's End (2007),9,Good
Pirates of the Caribbean: At World's End (2007),10,Good
Pirates of the Caribbean: At World's End (2007),8,Good
Pirates of the Caribbean: At World's End (2007),10,Good
Pirates of the Caribbean: At World's End (2007),1,Poor
Pirates of the Caribbean: At World's End (2007),1,Poor
Pirates of the Caribbean: At World's End (2007),10,Good
Pirates of the Caribbean: At World's End (2007),1,Poor
Pirates of the Caribbean: At World's End (2007),7,Average
Pirates of the Caribbean: At World's End (2007),7,Average
Pirates of the Caribbean: At World's End (2007),10,Good
Pirates of the Caribbean: At World's End (2007),10,Good
Pirates of the Caribbean: At World's End (2007),4,Poor
Pirates of the Caribbean: At World's End (2007),1,Poor
Pirates of the Caribbean: At World's End (2007),9,Good
Pirates of the Caribbean: At World's End (2007),1,Poor
Pirates of the Caribbean: At World's End (2007),1,Poor
Pirates of the Caribbean: At World's End (2007),1,Poor
Pirates of the Caribbean: At World's End (2007),1,Poor
Pirates of the Caribbean: At World's End (2007),1,Poor
Pirates of the Caribbean: At World's End (2007),1,Poor
Pirates of the Caribbean: At World's End (2007),1,Poor
Pirates of the Caribbean: At World's End (2007),1,Poor
Pirates of the Caribbean: At World's End (2007),10,Good
Pirates of the Caribbean: At World's End (2007),1,Poor
Pirates of the Caribbean: At World's End (2007),9,Good
Pirates of the Caribbean: At World's End (2007),1,Poor
Pirates of the Caribbean: At World's End (2007),8,Good
Pirates of the Caribbean: At World's End (2007),9,Good
Pirates of the Caribbean: At World's End (2007),1,Poor
Pirates of the Caribbean: At World's End (2007),9,Good
Pirates of the Caribbean: At World's End (2007),9,Good
Pirates of the Caribbean: At World's End (2007),1,Poor
Pirates of the Caribbean: At World's End (2007),9,Good
Pirates of the Caribbean: At World's End (2007),1,Poor
Pirates of the Caribbean: At World's End (2007),5,Poor
Pirates of the Caribbean: At World's End (2007),1,Poor
Pirates of the Caribbean: At World's End (2007),1,Poor
Pirates of the Caribbean: At World's End (2007),1,Poor
Pirates of the Caribbean: At World's End (2007),1,Poor
Pirates of the Caribbean: At World's End (2007),8,Good
Pirates of the Caribbean: At World's End (2007),1,Poor
Pirates of the Caribbean: At World's End (2007),1,Poor
Pirates of the Caribbean: At World's End (2007),1,Poor
Pirates of the Caribbean: At World's End (2007),2,Poor
Pirates of the Caribbean: At World's End (2007),8,Good
Pirates of the Caribbean: At World's End (2007),1,Poor
Pirates of the Caribbean: At World's End (2007),1,Poor
Pirates of the Caribbean: At World's End (2007),8,Good
Pirates of the Caribbean: At World's End (2007),1,Poor
Pirates of the Caribbean: At World's End (2007),1,Poor
Pirates of the Caribbean: At World's End (2007),1,Poor
Pirates of the Caribbean: At World's End (2007),1,Poor
Pirates of the Caribbean: At World's End (2007),1,Poor
Pirates of the Caribbean: At World's End (2007),10,Good
Pirates of the Caribbean: At World's End (2007),8,Good
Pirates of the Caribbean: At World's End (2007),10,Good
Pirates of the Caribbean: At World's End (2007),1,Poor
Pirates of the Caribbean: At World's End (2007),10,Good
Pirates of the Caribbean: At World's End (2007),6,Average
Pirates of the Caribbean: At World's End (2007),2,Poor
Pirates of the Caribbean: At World's End (2007),9,Good
Pirates of the Caribbean: At World's End (2007),10,Good
Pirates of the Caribbean: At World's End (2007),9,Good
Pirates of the Caribbean: At World's End (2007),1,Poor
Pirates of the Caribbean: At World's End (2007),9,Good
Pirates of the Caribbean: At World's End (2007),10,Good
Pirates of the Caribbean: At World's End (2007),9,Good
Pirates of the Caribbean: At World's End (2007),9,Good
Pirates of the Caribbean: At World's End (2007),10,Good
Pirates of the Caribbean: At World's End (2007),10,Good
Pirates of the Caribbean: At World's End (2007),10,Good
Pirates of the Caribbean: At World's End (2007),10,Good
Pirates of the Caribbean: At World's End (2007),7,Average
Pirates of the Caribbean: At World's End (2007),8,Good
Pirates of the Caribbean: At World's End (2007),9,Good
Pirates of the Caribbean: At World's End (2007),10,Good
Pirates of the Caribbean: At World's End (2007),10,Good
Pirates of the Caribbean: At World's End (2007),5,Poor
Pirates of the Caribbean: At World's End (2007),6,Average
Pirates of the Caribbean: At World's End (2007),10,Good
Pirates of the Caribbean: At World's End (2007),1,Poor
Pirates of the Caribbean: At World's End (2007),9,Good
Pirates of the Caribbean: At World's End (2007),10,Good
Pirates of the Caribbean: At World's End (2007),1,Poor
Pirates of the Caribbean: Dead Men Tell No Tales (2017),8,Good
Pirates of the Caribbean: Dead Men Tell No Tales (2017),6,Average
Pirates of the Caribbean: Dead Men Tell No Tales (2017),2,Poor
Pirates of the Caribbean: Dead Men Tell No Tales (2017),1,Poor
Pirates of the Caribbean: Dead Men Tell No Tales (2017),4,Poor
Pirates of the Caribbean: Dead Men Tell No Tales (2017),5,Poor
Pirates of the Caribbean: Dead Men Tell No Tales (2017),6,Average
Pirates of the Caribbean: Dead Men Tell No Tales (2017),4,Poor
Pirates of the Caribbean: Dead Men Tell No Tales (2017),2,Poor
Pirates of the Caribbean: Dead Men Tell No Tales (2017),8,Good
Pirates of the Caribbean: Dead Men Tell No Tales (2017),10,Good
Pirates of the Caribbean: Dead Men Tell No Tales (2017),9,Good
Pirates of the Caribbean: Dead Men Tell No Tales (2017),1,Poor
Pirates of the Caribbean: Dead Men Tell No Tales (2017),2,Poor
Pirates of the Caribbean: Dead Men Tell No Tales (2017),5,Poor
Pirates of the Caribbean: Dead Men Tell No Tales (2017),8,Good
Pirates of the Caribbean: Dead Men Tell No Tales (2017),3,Poor
Pirates of the Caribbean: Dead Men Tell No Tales (2017),8,Good
Pirates of the Caribbean: Dead Men Tell No Tales (2017),1,Poor
Pirates of the Caribbean: Dead Men Tell No Tales (2017),1,Poor
Pirates of the Caribbean: Dead Men Tell No Tales (2017),7,Average
Pirates of the Caribbean: Dead Men Tell No Tales (2017),2,Poor
Pirates of the Caribbean: Dead Men Tell No Tales (2017),3,Poor
Pirates of the Caribbean: Dead Men Tell No Tales (2017),1,Poor
Pirates of the Caribbean: Dead Men Tell No Tales (2017),2,Poor
Pirates of the Caribbean: Dead Men Tell No Tales (2017),1,Poor
Pirates of the Caribbean: Dead Men Tell No Tales (2017),6,Average
Pirates of the Caribbean: Dead Men Tell No Tales (2017),3,Poor
Pirates of the Caribbean: Dead Men Tell No Tales (2017),2,Poor
Pirates of the Caribbean: Dead Men Tell No Tales (2017),3,Poor
Pirates of the Caribbean: Dead Men Tell No Tales (2017),2,Poor
Pirates of the Caribbean: Dead Men Tell No Tales (2017),2,Poor
Pirates of the Caribbean: Dead Men Tell No Tales (2017),4,Poor
Pirates of the Caribbean: Dead Men Tell No Tales (2017),4,Poor
Pirates of the Caribbean: Dead Men Tell No Tales (2017),3,Poor
Pirates of the Caribbean: Dead Men Tell No Tales (2017),2,Poor
Pirates of the Caribbean: Dead Men Tell No Tales (2017),5,Poor
Pirates of the Caribbean: Dead Men Tell No Tales (2017),5,Poor
Pirates of the Caribbean: Dead Men Tell No Tales (2017),5,Poor
Pirates of the Caribbean: Dead Men Tell No Tales (2017),2,Poor
Pirates of the Caribbean: Dead Men Tell No Tales (2017),3,Poor
Pirates of the Caribbean: Dead Men Tell No Tales (2017),2,Poor
Pirates of the Caribbean: Dead Men Tell No Tales (2017),2,Poor
Pirates of the Caribbean: Dead Men Tell No Tales (2017),3,Poor
Pirates of the Caribbean: Dead Men Tell No Tales (2017),1,Poor
Pirates of the Caribbean: Dead Men Tell No Tales (2017),2,Poor
Pirates of the Caribbean: Dead Men Tell No Tales (2017),8,Good
Pirates of the Caribbean: Dead Men Tell No Tales (2017),4,Poor
Pirates of the Caribbean: Dead Men Tell No Tales (2017),3,Poor
Pirates of the Caribbean: Dead Men Tell No Tales (2017),4,Poor
Pirates of the Caribbean: Dead Men Tell No Tales (2017),7,Average
Pirates of the Caribbean: Dead Men Tell No Tales (2017),4,Poor
Pirates of the Caribbean: Dead Men Tell No Tales (2017),6,Average
Pirates of the Caribbean: Dead Men Tell No Tales (2017),3,Poor
Pirates of the Caribbean: Dead Men Tell No Tales (2017),2,Poor
Pirates of the Caribbean: Dead Men Tell No Tales (2017),4,Poor
Pirates of the Caribbean: Dead Men Tell No Tales (2017),3,Poor
Pirates of the Caribbean: Dead Men Tell No Tales (2017),4,Poor
Pirates of the Caribbean: Dead Men Tell No Tales (2017),2,Poor
Pirates of the Caribbean: Dead Men Tell No Tales (2017),1,Poor
Pirates of the Caribbean: Dead Men Tell No Tales (2017),5,Poor
Pirates of the Caribbean: Dead Men Tell No Tales (2017),2,Poor
Pirates of the Caribbean: Dead Men Tell No Tales (2017),5,Poor
Pirates of the Caribbean: Dead Men Tell No Tales (2017),4,Poor
Pirates of the Caribbean: Dead Men Tell No Tales (2017),2,Poor
Pirates of the Caribbean: Dead Men Tell No Tales (2017),8,Good
Pirates of the Caribbean: Dead Men Tell No Tales (2017),4,Poor
Pirates of the Caribbean: Dead Men Tell No Tales (2017),10,Good
Pirates of the Caribbean: Dead Men Tell No Tales (2017),5,Poor
Pirates of the Caribbean: Dead Men Tell No Tales (2017),5,Poor
Pirates of the Caribbean: Dead Men Tell No Tales (2017),4,Poor
Pirates of the Caribbean: Dead Men Tell No Tales (2017),1,Poor
Pirates of the Caribbean: Dead Men Tell No Tales (2017),5,Poor
Pirates of the Caribbean: Dead Men Tell No Tales (2017),7,Average
Pirates of the Caribbean: Dead Men Tell No Tales (2017),6,Average
Pirates of the Caribbean: Dead Men Tell No Tales (2017),1,Poor
Pirates of the Caribbean: Dead Men Tell No Tales (2017),3,Poor
Pirates of the Caribbean: Dead Men Tell No Tales (2017),1,Poor
Pirates of the Caribbean: Dead Men Tell No Tales (2017),2,Poor
Pirates of the Caribbean: Dead Men Tell No Tales (2017),2,Poor
Pirates of the Caribbean: Dead Men Tell No Tales (2017),4,Poor
Pirates of the Caribbean: Dead Men Tell No Tales (2017),9,Good
Pirates of the Caribbean: Dead Men Tell No Tales (2017),3,Poor
Pirates of the Caribbean: Dead Men Tell No Tales (2017),4,Poor
Pirates of the Caribbean: Dead Men Tell No Tales (2017),5,Poor
Pirates of the Caribbean: Dead Men Tell No Tales (2017),2,Poor
Pirates of the Caribbean: Dead Men Tell No Tales (2017),1,Poor
Pirates of the Caribbean: Dead Men Tell No Tales (2017),1,Poor
Pirates of the Caribbean: Dead Men Tell No Tales (2017),4,Poor
Pirates of the Caribbean: Dead Men Tell No Tales (2017),2,Poor
Pirates of the Caribbean: Dead Men Tell No Tales (2017),8,Good
Pirates of the Caribbean: Dead Men Tell No Tales (2017),4,Poor
Pirates of the Caribbean: Dead Men Tell No Tales (2017),9,Good
Pirates of the Caribbean: Dead Men Tell No Tales (2017),10,Good
Pirates of the Caribbean: Dead Men Tell No Tales (2017),10,Good
Pirates of the Caribbean: Dead Men Tell No Tales (2017),4,Poor
Pirates of the Caribbean: Dead Men Tell No Tales (2017),5,Poor
Pirates of the Caribbean: Dead Man's Chest (2006),8,Good
Pirates of the Caribbean: Dead Man's Chest (2006),8,Good
Pirates of the Caribbean: Dead Man's Chest (2006),8,Good
Pirates of the Caribbean: Dead Man's Chest (2006),8,Good
Pirates of the Caribbean: Dead Man's Chest (2006),9,Good
Pirates of the Caribbean: Dead Man's Chest (2006),10,Good
Pirates of the Caribbean: Dead Man's Chest (2006),10,Good
Pirates of the Caribbean: Dead Man's Chest (2006),9,Good
Pirates of the Caribbean: Dead Man's Chest (2006),9,Good
Pirates of the Caribbean: Dead Man's Chest (2006),8,Good
Pirates of the Caribbean: Dead Man's Chest (2006),9,Good
Pirates of the Caribbean: Dead Man's Chest (2006),10,Good
Pirates of the Caribbean: Dead Man's Chest (2006),10,Good
Pirates of the Caribbean: Dead Man's Chest (2006),9,Good
Pirates of the Caribbean: Dead Man's Chest (2006),10,Good
Pirates of the Caribbean: Dead Man's Chest (2006),5,Poor
Pirates of the Caribbean: Dead Man's Chest (2006),9,Good
Pirates of the Caribbean: Dead Man's Chest (2006),6,Average
Pirates of the Caribbean: Dead Man's Chest (2006),1,Poor
Pirates of the Caribbean: Dead Man's Chest (2006),1,Poor
Pirates of the Caribbean: Dead Man's Chest (2006),9,Good
Pirates of the Caribbean: Dead Man's Chest (2006),1,Poor
Pirates of the Caribbean: Dead Man's Chest (2006),10,Good
Pirates of the Caribbean: Dead Man's Chest (2006),9,Good
Pirates of the Caribbean: Dead Man's Chest (2006),8,Good
Pirates of the Caribbean: Dead Man's Chest (2006),10,Good
Pirates of the Caribbean: Dead Man's Chest (2006),10,Good
Pirates of the Caribbean: Dead Man's Chest (2006),10,Good
Pirates of the Caribbean: Dead Man's Chest (2006),10,Good
Pirates of the Caribbean: Dead Man's Chest (2006),9,Good
Pirates of the Caribbean: Dead Man's Chest (2006),1,Poor
Pirates of the Caribbean: Dead Man's Chest (2006),10,Good
Pirates of the Caribbean: Dead Man's Chest (2006),1,Poor
Pirates of the Caribbean: Dead Man's Chest (2006),10,Good
Pirates of the Caribbean: Dead Man's Chest (2006),1,Poor
Pirates of the Caribbean: Dead Man's Chest (2006),10,Good
Pirates of the Caribbean: Dead Man's Chest (2006),6,Average
Pirates of the Caribbean: Dead Man's Chest (2006),10,Good
Pirates of the Caribbean: Dead Man's Chest (2006),1,Poor
Pirates of the Caribbean: Dead Man's Chest (2006),1,Poor
Pirates of the Caribbean: Dead Man's Chest (2006),9,Good
Pirates of the Caribbean: Dead Man's Chest (2006),1,Poor
Pirates of the Caribbean: Dead Man's Chest (2006),1,Poor
Pirates of the Caribbean: Dead Man's Chest (2006),10,Good
Pirates of the Caribbean: Dead Man's Chest (2006),6,Average
Pirates of the Caribbean: Dead Man's Chest (2006),10,Good
Pirates of the Caribbean: Dead Man's Chest (2006),1,Poor
Pirates of the Caribbean: Dead Man's Chest (2006),1,Poor
Pirates of the Caribbean: Dead Man's Chest (2006),10,Good
Pirates of the Caribbean: Dead Man's Chest (2006),9,Good
Pirates of the Caribbean: Dead Man's Chest (2006),10,Good
Pirates of the Caribbean: Dead Man's Chest (2006),1,Poor
Pirates of the Caribbean: Dead Man's Chest (2006),1,Poor
Pirates of the Caribbean: Dead Man's Chest (2006),1,Poor
Pirates of the Caribbean: Dead Man's Chest (2006),1,Poor
Pirates of the Caribbean: Dead Man's Chest (2006),1,Poor
Pirates of the Caribbean: Dead Man's Chest (2006),10,Good
Pirates of the Caribbean: Dead Man's Chest (2006),10,Good
Pirates of the Caribbean: Dead Man's Chest (2006),10,Good
Pirates of the Caribbean: Dead Man's Chest (2006),1,Poor
Pirates of the Caribbean: Dead Man's Chest (2006),8,Good
Pirates of the Caribbean: Dead Man's Chest (2006),9,Good
Pirates of the Caribbean: Dead Man's Chest (2006),1,Poor
Pirates of the Caribbean: Dead Man's Chest (2006),10,Good
Pirates of the Caribbean: Dead Man's Chest (2006),10,Good
Pirates of the Caribbean: Dead Man's Chest (2006),9,Good
Pirates of the Caribbean: Dead Man's Chest (2006),10,Good
Pirates of the Caribbean: Dead Man's Chest (2006),9,Good
Pirates of the Caribbean: Dead Man's Chest (2006),10,Good
Pirates of the Caribbean: Dead Man's Chest (2006),1,Poor
Pirates of the Caribbean: Dead Man's Chest (2006),9,Good
Pirates of the Caribbean: Dead Man's Chest (2006),10,Good
Pirates of the Caribbean: Dead Man's Chest (2006),1,Poor
Pirates of the Caribbean: Dead Man's Chest (2006),10,Good
Pirates of the Caribbean: Dead Man's Chest (2006),8,Good
Pirates of the Caribbean: Dead Man's Chest (2006),10,Good
Pirates of the Caribbean: Dead Man's Chest (2006),1,Poor
Pirates of the Caribbean: Dead Man's Chest (2006),10,Good
Pirates of the Caribbean: Dead Man's Chest (2006),1,Poor
Pirates of the Caribbean: Dead Man's Chest (2006),10,Good
Pirates of the Caribbean: Dead Man's Chest (2006),10,Good
Pirates of the Caribbean: Dead Man's Chest (2006),1,Poor
Pirates of the Caribbean: Dead Man's Chest (2006),10,Good
Pirates of the Caribbean: Dead Man's Chest (2006),4,Poor
Pirates of the Caribbean: Dead Man's Chest (2006),10,Good
Pirates of the Caribbean: Dead Man's Chest (2006),4,Poor
Pirates of the Caribbean: Dead Man's Chest (2006),1,Poor
Pirates of the Caribbean: Dead Man's Chest (2006),1,Poor
Pirates of the Caribbean: Dead Man's Chest (2006),7,Average
Pirates of the Caribbean: Dead Man's Chest (2006),1,Poor
Pirates of the Caribbean: Dead Man's Chest (2006),2,Poor
Pirates of the Caribbean: Dead Man's Chest (2006),2,Poor
Pirates of the Caribbean: Dead Man's Chest (2006),1,Poor
Pirates of the Caribbean: Dead Man's Chest (2006),1,Poor
Pirates of the Caribbean: Dead Man's Chest (2006),1,Poor
Pirates of the Caribbean: Dead Man's Chest (2006),9,Good
Pirates of the Caribbean: Dead Man's Chest (2006),10,Good
Pirates of the Caribbean: Dead Man's Chest (2006),7,Average
Pirates of the Caribbean: Dead Man's Chest (2006),9,Good
Pirates of the Caribbean: On Stranger Tides (2011),5,Poor
Pirates of the Caribbean: On Stranger Tides (2011),7,Average
Pirates of the Caribbean: On Stranger Tides (2011),9,Good
Pirates of the Caribbean: On Stranger Tides (2011),8,Good
Pirates of the Caribbean: On Stranger Tides (2011),8,Good
Pirates of the Caribbean: On Stranger Tides (2011),7,Average
Pirates of the Caribbean: On Stranger Tides (2011),7,Average
Pirates of the Caribbean: On Stranger Tides (2011),5,Poor
Pirates of the Caribbean: On Stranger Tides (2011),8,Good
Pirates of the Caribbean: On Stranger Tides (2011),6,Average
Pirates of the Caribbean: On Stranger Tides (2011),8,Good
Pirates of the Caribbean: On Stranger Tides (2011),7,Average
Pirates of the Caribbean: On Stranger Tides (2011),7,Average
Pirates of the Caribbean: On Stranger Tides (2011),7,Average
Pirates of the Caribbean: On Stranger Tides (2011),7,Average
Pirates of the Caribbean: On Stranger Tides (2011),9,Good
Pirates of the Caribbean: On Stranger Tides (2011),8,Good
Pirates of the Caribbean: On Stranger Tides (2011),8,Good
Pirates of the Caribbean: On Stranger Tides (2011),7,Average
Pirates of the Caribbean: On Stranger Tides (2011),1,Poor
Pirates of the Caribbean: On Stranger Tides (2011),10,Good
Pirates of the Caribbean: On Stranger Tides (2011),1,Poor
Pirates of the Caribbean: On Stranger Tides (2011),8,Good
Pirates of the Caribbean: On Stranger Tides (2011),1,Poor
Pirates of the Caribbean: On Stranger Tides (2011),1,Poor
Pirates of the Caribbean: On Stranger Tides (2011),8,Good
Pirates of the Caribbean: On Stranger Tides (2011),5,Poor
Pirates of the Caribbean: On Stranger Tides (2011),6,Average
Pirates of the Caribbean: On Stranger Tides (2011),7,Average
Pirates of the Caribbean: On Stranger Tides (2011),1,Poor
Pirates of the Caribbean: On Stranger Tides (2011),7,Average
Pirates of the Caribbean: On Stranger Tides (2011),8,Good
Pirates of the Caribbean: On Stranger Tides (2011),9,Good
Pirates of the Caribbean: On Stranger Tides (2011),10,Good
Pirates of the Caribbean: On Stranger Tides (2011),7,Average
Pirates of the Caribbean: On Stranger Tides (2011),8,Good
Pirates of the Caribbean: On Stranger Tides (2011),8,Good
Pirates of the Caribbean: On Stranger Tides (2011),7,Average
Pirates of the Caribbean: On Stranger Tides (2011),7,Average
Pirates of the Caribbean: On Stranger Tides (2011),6,Average
Pirates of the Caribbean: On Stranger Tides (2011),4,Poor
Pirates of the Caribbean: On Stranger Tides (2011),7,Average
Pirates of the Caribbean: On Stranger Tides (2011),4,Poor
Pirates of the Caribbean: On Stranger Tides (2011),7,Average
Pirates of the Caribbean: On Stranger Tides (2011),8,Good
Pirates of the Caribbean: On Stranger Tides (2011),6,Average
Pirates of the Caribbean: On Stranger Tides (2011),6,Average
Pirates of the Caribbean: On Stranger Tides (2011),8,Good
Pirates of the Caribbean: On Stranger Tides (2011),6,Average
Pirates of the Caribbean: On Stranger Tides (2011),10,Good
Pirates of the Caribbean: On Stranger Tides (2011),10,Good
Pirates of the Caribbean: On Stranger Tides (2011),1,Poor
Pirates of the Caribbean: On Stranger Tides (2011),8,Good
Pirates of the Caribbean: On Stranger Tides (2011),7,Average
Pirates of the Caribbean: On Stranger Tides (2011),7,Average
Pirates of the Caribbean: On Stranger Tides (2011),8,Good
Pirates of the Caribbean: On Stranger Tides (2011),10,Good
Pirates of the Caribbean: On Stranger Tides (2011),7,Average
Pirates of the Caribbean: On Stranger Tides (2011),8,Good
Pirates of the Caribbean: On Stranger Tides (2011),7,Average
Pirates of the Caribbean: On Stranger Tides (2011),4,Poor
Pirates of the Caribbean: On Stranger Tides (2011),5,Poor
Pirates of the Caribbean: On Stranger Tides (2011),6,Average
Pirates of the Caribbean: On Stranger Tides (2011),5,Poor
Pirates of the Caribbean: On Stranger Tides (2011),1,Poor
Pirates of the Caribbean: On Stranger Tides (2011),6,Average
Pirates of the Caribbean: On Stranger Tides (2011),1,Poor
Pirates of the Caribbean: On Stranger Tides (2011),8,Good
Pirates of the Caribbean: On Stranger Tides (2011),4,Poor
Pirates of the Caribbean: On Stranger Tides (2011),2,Poor
Pirates of the Caribbean: On Stranger Tides (2011),8,Good
Pirates of the Caribbean: On Stranger Tides (2011),1,Poor
Pirates of the Caribbean: On Stranger Tides (2011),1,Poor
Pirates of the Caribbean: On Stranger Tides (2011),2,Poor
Pirates of the Caribbean: On Stranger Tides (2011),1,Poor
Pirates of the Caribbean: On Stranger Tides (2011),7,Average
Pirates of the Caribbean: On Stranger Tides (2011),1,Poor
Pirates of the Caribbean: On Stranger Tides (2011),7,Average
Pirates of the Caribbean: On Stranger Tides (2011),3,Poor
Pirates of the Caribbean: On Stranger Tides (2011),1,Poor
Pirates of the Caribbean: On Stranger Tides (2011),8,Good
Pirates of the Caribbean: On Stranger Tides (2011),1,Poor
Pirates of the Caribbean: On Stranger Tides (2011),3,Poor
Pirates of the Caribbean: On Stranger Tides (2011),5,Poor
Pirates of the Caribbean: On Stranger Tides (2011),1,Poor
Pirates of the Caribbean: On Stranger Tides (2011),3,Poor
Pirates of the Caribbean: On Stranger Tides (2011),3,Poor
Pirates of the Caribbean: On Stranger Tides (2011),1,Poor
Pirates of the Caribbean: On Stranger Tides (2011),3,Poor
Pirates of the Caribbean: On Stranger Tides (2011),4,Poor
Pirates of the Caribbean: On Stranger Tides (2011),3,Poor
Pirates of the Caribbean: The Curse of the Black Pearl (2003),10,Good
Pirates of the Caribbean: The Curse of the Black Pearl (2003),10,Good
Pirates of the Caribbean: The Curse of the Black Pearl (2003),9,Good
Pirates of the Caribbean: The Curse of the Black Pearl (2003),8,Good
Pirates of the Caribbean: The Curse of the Black Pearl (2003),10,Good
Pirates of the Caribbean: The Curse of the Black Pearl (2003),10,Good
Pirates of the Caribbean: The Curse of the Black Pearl (2003),8,Good
Pirates of the Caribbean: The Curse of the Black Pearl (2003),10,Good
Pirates of the Caribbean: The Curse of the Black Pearl (2003),10,Good
Pirates of the Caribbean: The Curse of the Black Pearl (2003),10,Good
Pirates of the Caribbean: The Curse of the Black Pearl (2003),10,Good
Pirates of the Caribbean: The Curse of the Black Pearl (2003),10,Good
Pirates of the Caribbean: The Curse of the Black Pearl (2003),10,Good
Pirates of the Caribbean: The Curse of the Black Pearl (2003),9,Good
Pirates of the Caribbean: The Curse of the Black Pearl (2003),10,Good
Pirates of the Caribbean: The Curse of the Black Pearl (2003),9,Good
Pirates of the Caribbean: The Curse of the Black Pearl (2003),10,Good
Pirates of the Caribbean: The Curse of the Black Pearl (2003),10,Good
Pirates of the Caribbean: The Curse of the Black Pearl (2003),10,Good
Pirates of the Caribbean: The Curse of the Black Pearl (2003),10,Good
Pirates of the Caribbean: The Curse of the Black Pearl (2003),10,Good
Pirates of the Caribbean: The Curse of the Black Pearl (2003),10,Good
Pirates of the Caribbean: The Curse of the Black Pearl (2003),10,Good
Pirates of the Caribbean: The Curse of the Black Pearl (2003),9,Good
Pirates of the Caribbean: The Curse of the Black Pearl (2003),10,Good
Pirates of the Caribbean: The Curse of the Black Pearl (2003),10,Good
Pirates of the Caribbean: The Curse of the Black Pearl (2003),10,Good
Pirates of the Caribbean: The Curse of the Black Pearl (2003),10,Good
Pirates of the Caribbean: The Curse of the Black Pearl (2003),10,Good
Pirates of the Caribbean: The Curse of the Black Pearl (2003),10,Good
Pirates of the Caribbean: The Curse of the Black Pearl (2003),10,Good
Pirates of the Caribbean: The Curse of the Black Pearl (2003),10,Good
Pirates of the Caribbean: The Curse of the Black Pearl (2003),9,Good
Pirates of the Caribbean: The Curse of the Black Pearl (2003),10,Good
Pirates of the Caribbean: The Curse of the Black Pearl (2003),9,Good
Pirates of the Caribbean: The Curse of the Black Pearl (2003),9,Good
Pirates of the Caribbean: The Curse of the Black Pearl (2003),10,Good
Pirates of the Caribbean: The Curse of the Black Pearl (2003),10,Good
Pirates of the Caribbean: The Curse of the Black Pearl (2003),10,Good
Pirates of the Caribbean: The Curse of the Black Pearl (2003),10,Good
Pirates of the Caribbean: The Curse of the Black Pearl (2003),8,Good
Pirates of the Caribbean: The Curse of the Black Pearl (2003),9,Good
Pirates of the Caribbean: The Curse of the Black Pearl (2003),8,Good
Pirates of the Caribbean: The Curse of the Black Pearl (2003),8,Good
Pirates of the Caribbean: The Curse of the Black Pearl (2003),8,Good
Pirates of the Caribbean: The Curse of the Black Pearl (2003),8,Good
Pirates of the Caribbean: The Curse of the Black Pearl (2003),9,Good
Pirates of the Caribbean: The Curse of the Black Pearl (2003),9,Good
Pirates of the Caribbean: The Curse of the Black Pearl (2003),10,Good
Pirates of the Caribbean: The Curse of the Black Pearl (2003),9,Good
Pirates of the Caribbean: The Curse of the Black Pearl (2003),10,Good
Pirates of the Caribbean: The Curse of the Black Pearl (2003),10,Good
Pirates of the Caribbean: The Curse of the Black Pearl (2003),10,Good
Pirates of the Caribbean: The Curse of the Black Pearl (2003),10,Good
Pirates of the Caribbean: The Curse of the Black Pearl (2003),9,Good
Pirates of the Caribbean: The Curse of the Black Pearl (2003),10,Good
Pirates of the Caribbean: The Curse of the Black Pearl (2003),10,Good
Pirates of the Caribbean: The Curse of the Black Pearl (2003),10,Good
Pirates of the Caribbean: The Curse of the Black Pearl (2003),10,Good
Pirates of the Caribbean: The Curse of the Black Pearl (2003),10,Good
Pirates of the Caribbean: The Curse of the Black Pearl (2003),7,Average
Pirates of the Caribbean: The Curse of the Black Pearl (2003),6,Average
Pirates of the Caribbean: The Curse of the Black Pearl (2003),10,Good
Pirates of the Caribbean: The Curse of the Black Pearl (2003),7,Average
Pirates of the Caribbean: The Curse of the Black Pearl (2003),10,Good
Pirates of the Caribbean: The Curse of the Black Pearl (2003),3,Poor
Pirates of the Caribbean: The Curse of the Black Pearl (2003),10,Good
Pirates of the Caribbean: The Curse of the Black Pearl (2003),1,Poor
Pirates of the Caribbean: The Curse of the Black Pearl (2003),7,Average
Pirates of the Caribbean: The Curse of the Black Pearl (2003),1,Poor
Pirates of the Caribbean: The Curse of the Black Pearl (2003),1,Poor
Pirates of the Caribbean: The Curse of the Black Pearl (2003),1,Poor
Pirates of the Caribbean: The Curse of the Black Pearl (2003),1,Poor
Pirates of the Caribbean: The Curse of the Black Pearl (2003),10,Good
Pirates of the Caribbean: The Curse of the Black Pearl (2003),10,Good
Pirates of the Caribbean: The Curse of the Black Pearl (2003),10,Good
Pirates of the Caribbean: The Curse of the Black Pearl (2003),10,Good
Pirates of the Caribbean: The Curse of the Black Pearl (2003),8,Good
Pirates of the Caribbean: The Curse of the Black Pearl (2003),10,Good
Pirates of the Caribbean: The Curse of the Black Pearl (2003),10,Good
Pirates of the Caribbean: The Curse of the Black Pearl (2003),10,Good
Pirates of the Caribbean: The Curse of the Black Pearl (2003),10,Good
Pirates of the Caribbean: The Curse of the Black Pearl (2003),10,Good
Pirates of the Caribbean: The Curse of the Black Pearl (2003),10,Good
Pirates of the Caribbean: The Curse of the Black Pearl (2003),10,Good
Pirates of the Caribbean: The Curse of the Black Pearl (2003),10,Good
Pirates of the Caribbean: The Curse of the Black Pearl (2003),10,Good
